run,factor,mode,simulation_cap,renderer_recording_mutex,source_fps,submission_fps,display_change_fps,submitted_rows,rows_without_display_interval,submission_p10_ms,submission_p50_ms,submission_p90_ms,submission_p99_ms,display_change_p10_ms,display_change_p50_ms,display_change_p90_ms,display_change_p99_ms,ngx_mean_ms,ngx_p99_ms,expired_positions
uncapped-unlock-2x30,2,quality,30,0,30.0,60.001,60.0,2340,0,16.293,16.708,16.958,17.342,15.644,16.677,17.687,18.819,2.123,2.468,0
uncapped-dxgi-2x60,2,quality,60,1,60.003,119.95,119.949,4678,0,8.064,8.253,8.675,9.019,7.094,8.317,9.467,10.818,2.125,2.456,0
uncapped-dxgi-3x30,3,quality,30,1,30.0,90.004,90.003,3510,0,10.752,11.129,11.405,11.722,9.755,11.112,12.484,14.56,3.341,3.817,0
uncapped-dxgi-4x30,4,quality,30,1,30.001,120.001,120.001,4681,0,8.074,8.246,8.661,8.812,7.911,8.29,8.814,10.477,4.627,4.997,0
uncapped-lock-4x60,4,quality,60,1,53.387,208.217,208.206,8120,0,2.29,4.599,7.441,12.178,2.152,4.557,7.873,14.776,4.857,5.378,22
uncapped-unlock-4x60,4,quality,60,0,53.104,208.681,208.682,8139,0,4.079,4.628,5.126,7.217,3.721,4.644,5.424,9.115,4.93,5.382,9
uncapped-repeat-lock1-4x60,4,quality,60,1,53.399,206.446,206.456,8051,0,2.294,4.596,7.509,13.442,2.152,4.599,7.848,15.941,4.846,5.343,18
uncapped-repeat-lock0-4x60,4,quality,60,0,53.213,209.512,209.512,8171,0,4.06,4.612,5.12,8.734,3.606,4.632,5.436,10.676,4.92,5.391,9
uncapped-load-off,0,dlaa,60,0,56.989,56.989,56.969,2223,0,15.53,17.28,19.081,27.226,15.218,17.318,19.528,27.149,,,
uncapped-load-2x,2,dlaa,60,0,51.255,101.959,101.955,3976,0,8.649,9.798,10.467,11.305,7.919,9.725,11.636,13.464,2.179,2.59,0
uncapped-load-3x,3,dlaa,60,0,47.341,141.153,141.153,5505,0,6.211,7.096,7.617,9.166,5.852,7.064,8.004,11.138,3.447,3.886,5
uncapped-load-4x-clean,4,dlaa,60,0,43.739,173.052,173.05,6749,0,5.068,5.638,6.156,8.178,4.541,5.653,6.647,10.133,4.873,5.327,12
uncapped-final-2x60,2,quality,60,0,60.0,119.999,119.992,4680,0,8.064,8.248,8.668,8.956,7.51,8.308,9.218,10.825,2.114,2.431,0
uncapped-final-3x30,3,quality,30,0,29.999,90.0,90.001,3510,0,10.73,11.151,11.346,11.689,10.587,11.125,11.621,12.584,3.336,3.667,0
